data,ano,mes,mes_nome,vendas
2011-01-01,2011,1,Janeiro,88163
2011-02-01,2011,2,Fevereiro,726375
2011-03-01,2011,3,Março,763567
2011-04-01,2011,4,Abril,737713
2011-05-01,2011,5,Maio,719562
2011-06-01,2011,6,Junho,753380
2011-07-01,2011,7,Julho,819820
2011-08-01,2011,8,Agosto,825694
2011-09-01,2011,9,Setembro,813683
2011-10-01,2011,10,Outubro,898243
2011-11-01,2011,11,Novembro,823087
2011-12-01,2011,12,Dezembro,887298
2012-01-01,2012,1,Janeiro,893375
2012-02-01,2012,2,Fevereiro,897990
2012-03-01,2012,3,Março,986894
2012-04-01,2012,4,Abril,944858
2012-05-01,2012,5,Maio,997746
2012-06-01,2012,6,Junho,1095609
2012-07-01,2012,7,Julho,1080777
2012-08-01,2012,8,Agosto,1102780
2012-09-01,2012,9,Setembro,1064364
2012-10-01,2012,10,Outubro,1006308
2012-11-01,2012,11,Novembro,960684
2012-12-01,2012,12,Dezembro,1030452
2013-01-01,2013,1,Janeiro,1008560
2013-02-01,2013,2,Fevereiro,1010660
2013-03-01,2013,3,Março,1117570
2013-04-01,2013,4,Abril,1034036
2013-05-01,2013,5,Maio,1074683
2013-06-01,2013,6,Junho,1135593
2013-07-01,2013,7,Julho,1159467
2013-08-01,2013,8,Agosto,1204813
2013-09-01,2013,9,Setembro,1166515
2013-10-01,2013,10,Outubro,1124523
2013-11-01,2013,11,Novembro,1044799
2013-12-01,2013,12,Dezembro,1054534
2014-01-01,2014,1,Janeiro,1057012
2014-02-01,2014,2,Fevereiro,1009760
2014-03-01,2014,3,Março,1123706
2014-04-01,2014,4,Abril,1104287
2014-05-01,2014,5,Maio,1093092
2014-06-01,2014,6,Junho,1110031
2014-07-01,2014,7,Julho,1151764
2014-08-01,2014,8,Agosto,1184102
2014-09-01,2014,9,Setembro,1088414
2014-10-01,2014,10,Outubro,1103078
2014-11-01,2014,11,Novembro,1051078
2014-12-01,2014,12,Dezembro,1013452
2015-01-01,2015,1,Janeiro,1083115
2015-02-01,2015,2,Fevereiro,1031877
2015-03-01,2015,3,Março,1119727
2015-04-01,2015,4,Abril,1093429
2015-05-01,2015,5,Maio,1153014
2015-06-01,2015,6,Junho,1155599
2015-07-01,2015,7,Julho,1232147
2015-08-01,2015,8,Agosto,1254341
2015-09-01,2015,9,Setembro,1188913
2015-10-01,2015,10,Outubro,1248437
2015-11-01,2015,11,Novembro,1113976
2015-12-01,2015,12,Dezembro,1126236
2016-01-01,2016,1,Janeiro,1215286
2016-02-01,2016,2,Fevereiro,1212927
2016-03-01,2016,3,Março,1275746
2016-04-01,2016,4,Abril,1046688
